Id,Label,Followers,Lang
871733353,Mountain_04,243,None
4446218237,trisketched,49631,None
1100649189850169344,LauraSh04038989,294,None
305137224,AdkinsKate,2288,None
1095194551881515008,Thina_Mathupha,4825,None
20545055,JoelOsteen,10076480,None
31252694,felipe_melo,1003,None
23184067,Aller_MD,6684,None
879200561828044800,ResistTheCoup45,201,None
172511244,T_S_P_O_O_K_Y,98223,None
25931787,werrylettuce,1522,None
1377921740718944262,DailyExposeNews,4721,None
61524466,shanmugam_18,6730,None
1344536893,Aneela_7,47292,None
1105781477118304257,IndiaUnleashed_,2306,None
1159149341505937408,Kaala_Nag,2056,None
1267056768921661441,fomiatti_lyne,69,None
47273818,CatherineKingMP,30320,None
1380804395718176770,Prajakt37237618,3,None
2597666894,CMOMaharashtra,2549173,None
774210444961521668,massAftab,154,None
389313566,FaheemYounus,208580,None
1188640445536067584,Yanoji3,329,None
1308273303375745026,TurtlesFatherG,444,None
4637322869,swklz,140,None
840569607903629313,agustranda,42068,None
1372364134470328320,sally01571973,13,None
289420613,naomirwolf,122834,None
493416891,EdoXD96,141,None
19802879,NASAJPL,3271406,None
261895053,lucamobu,1391,None
632816681,dfviasusp,780,None
1143816391381983233,Udeme_Ubah,3663,None
615327247,gbemy01,19362,None
1361451427453947907,JohnHayes4Pa5,2466,None
1007366903139061761,kernaghanscott5,8399,None
1256804928976089093,CrustyRusty8it,1084,None
1311117338083811330,NYLockdown,1395,None
929471775246753792,jbm5513,621,None
155775712,mliz77,5205,None
250768369,craigg44,196,None
93295809,JamesGRickards,177051,None
2605445976,theironicview,6701,None
159230211,tammytabby,15454,None
1367582345281212417,Aws72038948,131,None
20677566,aaronc_smith,399,None
572302669,CeroTerabyte,179,None
731167584,RonBrownstein,103874,None
30101545,ladyndewgreen88,473,None
1321927396971421701,SusanStJames3_,26884,None
876437732,Prisblader,227,None
520148825,animaeme,5257,None
4692145376,Rally4Trump,765,None
344594146,Analystico87,165,None
144274618,economics,223992,None
1088290769746698240,MStoddard_LGM,3596,None
926868226654404608,Ms_Codio,11288,None
1283085280950419457,carolynsx600,16,None
911919769493790720,Sundae_Gurl,50353,None
877382837472641025,TerrellHarness,150,None
1123306224,BritniBaglien,3,None
1295526279194828800,ParikPatelCFA,249701,None
241840742,RubinnJ,87,None
15808660,mbolch,11084,None
1004671441,Istillwantapony,1363,None
124290595,yardonna,1784,None
4048852873,_ROB_29,26285,None
1591850192,CAParalegalServ,419,None
2796688187,mizknol,497,None
2782674324,aidanrf98,112,None
1144057621739122688,Jawn_Hancock,6596,None
760294953587277824,shorrocksalot1,392,None
1237090678129053703,MestizoLeftist,4140,None
1911515606,jkass99,21610,None
1297013057353326597,High_Num,165,None
838953456,BobbyLWesson,20652,None
1352460202482651136,soldieruphorror,216,None
177566223,SirBentz,306,None
789133592257593344,BrianKirkland5,10739,None
1283843791997280256,Nicholacrypto,735,None
1291754951547314177,XRPeuphoria_,7228,None
329565936,Lanner4BSB,931,None
1378317765522518016,mike14024048,3,None
790915455976411136,TTysonToni1,3744,None
706209304378896384,teambernie27001,6397,None
479724576,WalkerBragman,48649,None
796231990554988544,ScottyMath22,10117,None
48325671,chipfranklin,211230,None
1279750596317327360,JUSTICI42414733,747,None
767788995962998784,ReallyAmerican1,314301,None
915272579794878464,Michaeljbush2,197,None
771096098052018176,Tommy8668,337,None
253804995,bevwood47,1215,None
1040670085898153989,boringthot,51,None
815695319497396225,Goatman62,4075,None
2740222809,CHemmeke,145,None
930775334944780288,Togekisses34,67,None
1495627645,dizzidi67,2596,None
21272880,DeaFou,440,None
971206070940119041,_EthanGrey,17373,None
1165342293567725573,mariachi_nacho5,1539,None
1043998674072858624,AlexCCutie,314,None
259123499,AnIllicitWriter,23346,None
1347306552080916482,TerriersVu,685,None
1294649677372153856,HereToWatchThe1,3468,None
2307381696,Uncommoncharlie,274,None
1326133795204988934,DocumentEther,14217,None
2632829667,AMS0035,4353,None
3707315835,Tcat2760,1009,None
1668782784,karen_lebeter,2805,None
873816992247042048,Typ0negative,616,None
1058530204388352003,AngieM55972784,520,None
1240799386843652096,Kadiealew,283,None
516123213,AllOfaSutton312,466,None
498402697,whotfismil,1292,None
26140128,radikaldb,1192,None
1319217079,SamNSenty,243,None
1023269253913473025,shincapsule,385,None
1323106650773860353,Stillhe15772553,145,None
809799215304085504,joneskf12,3185,None
341190477,TheRickyDavila,350893,None
829487264371703808,PPetrarco,857,None
248023936,The_Acumen,38155,None
2172853603,cloudtocrystal,433,None
775218290952069120,yongAKA,2416,None
874993047033053184,Ronberr27734234,1222,None
489817016,1khaicarte,1282,None
327057174,QueenJAMES_2you,9374,None
513876919,mtaft48,10975,None
3353624405,Annie_eye,860,None
1280605670195298305,TanyaRa70825875,125,None
1315040216470745088,maryk9603,12,None
505404746,jckweatherspoon,1777,None
109287731,SenatorShaheen,119312,None
1254453236116983815,HFG7701,1404,None
1373042087655006210,garyfilipe2422,219,None
756680734509629440,saturnsbarz_,354,None
1229461060291264513,KAT24xi1,407,None
1201693662192848896,baileyhidden,387,None
894131334,leomdavid,647,None
888118103095115780,RobinBrooksIIF,85951,None
1145145483192610817,Sonic111965449,357,None
973013557297082368,GlamGabber,4159,None
1194421223503077376,Willy4thewin,1209,None
1366959025284259840,sophie_bronson,6,None
3146153982,WomensHoopz,14939,None
3366908805,tempio_joe,2887,None
889977782863749120,SamSenev,7263,None
1151577398477041665,meter_usaid,1476,None
1077440922500124672,mommatkl,3075,None
914203071739236352,Budadoptedus,9422,None
14940354,nycjim,215002,None
2411619687,sflower9497,1228,None
1170712047946031106,Matthew91978,1382,None
3194751206,leefromcleve,263,None
2567720808,harsty19901,1336,None
28635386,sbauerAP,27103,None
1278766892052873217,KittenBalerion,519,None
1300767974467534849,hazard_level,188,None
779445097062625280,itstimetocat,461,None
1300259298828718086,stacybears1,337,None
796785883257143296,Darrell03092157,1388,None
1253490292877074443,CardingBirdies,115,None
15431156,doeiqts,620,None
4018532174,KateBeinhoff,3279,None
1257792526339182594,TerraB717,2960,None
3503859029,Jen_Raz206,1626,None
1208040503343759363,_itspointless_,273,None
1078466768421769219,JohnDav48148088,1112,None
1004409488839987201,Mystical441,7648,None
342512565,THETOPICisCOOL,81432,None
1850420952,QuillWalter,4707,None
1369368869677187072,Spike11232,2740,None
3303605923,jsinvr,3347,None
2186460294,MrDash109,7868,None
427814660,MIKEYDBARNES1,13,None
423610335,LeonardRoxon,10185,None
59983512,ggpamapawley,358,None
1133080981869617152,tx_mills,8233,None
1180926113205194753,hope_fulfilled,596,None
1663695577,AnnFavela,1806,None
228736760,ginap4462,1860,None
1193590927845142529,lucas_cherri,599,None
1154854837168816129,nyorozos,269,None
1065097394298195969,Cobalon_,159,None
1309577288393068544,FafoDefense,1090,None
1016671273,StayHomeHania,9739,None
21348967,charlotteirene8,7115,None
786201344759562240,nivchara_yahel,125,None
1380158129569153034,Daisymakesrings,102,None
1256396747183722498,TarotByRaqui,651,None
809541877,rogerthephoto,58,None
1206227149,repmarkpocan,107408,None
2577813182,Finpli,120,None
622005537,veropat7,93,None
1250570398971953152,JimMurp77852985,1132,None
2861594217,chimichangakinz,1163,None
14371758,amdesimone,1089,None
21703499,amysweezey,27090,None
1348838681218572291,jojodan11592387,2182,None
40765010,Deggins8,5913,None
2796258741,seongqt,1034,None
1034868411354861568,STabbytosavit,35821,None
972811,Harlem,1319,None
1250415192053182467,neil_runkel,42,None
13850422,CNNPolitics,4118727,None
1418134548,GotMyAR15,1281,None
1730274660,Jan_Tucker_58,2283,None
1358259885431877635,s0rbit,18,None
261968316,gatorsgirl80,2139,None
79771637,LAAbshire,211,None
1328140450755055617,PSYCHICFlRE,184,None
113355835,iSarang_,980,None
77896118,RajatDutta13,1282,None
895390019824779265,Ditchdigger51,301,None
17456860,prinzrob,2560,None
723243350803902464,ebyesterday,5086,None
1377416112728576000,rodsmonster1,18,None
95368728,pollreport,25847,None
107583191,OpinionToday,5037,None
810991795857395712,candeebird,851,None
1112203026935222273,robsterclaw1,90,None
1369801518187220993,hesbianmayu,142,None
1280594725939142663,mothcharm,32100,None
863907490488094721,JKBGigi,5481,None
397465217,TaurielloDan,10258,None
1344736117359333377,LOOPY_LORD,28,None
1002645371942629377,HenriettaSnacks,4452,None
968047699,proudtigerlsu,5181,None
27913658,prehmbo,5477,None
872221007901319170,Rwhite506,1721,None
786752147702575104,KarenLTaylor2,3583,None
2158994620,kthedefused,940,None
39664796,j_w_84,984,None
1248262742961782785,NedAustin4,35,None
1099781327489024003,Hold2LLC,15352,None
1376718551667646465,VicMacky1,699,None
2780722525,berlinbarbarism,5054,None
1301559023620231169,lola_seaton,831,None
2223667944,BLKCAT39,32,None
797108390266814464,VoxAmerican,976,None
1324334156776689665,Crystal5mom,5504,None
1163499016971268096,ItsMeVictoriaa,3892,None
1314254333337243649,VickiXrp,1667,None
1926381835,GodessofChaos71,2542,None
44984619,BobFoolery,286,None
32293556,Qhj,134,None
1139645121534631936,csdefenselaw,58,None
1360629526737395720,sue_again,227,None
835226775915474944,DocInVT,1025,None
817073086071709696,QuintonGodsell,4403,None
1221320355966402561,NPride28,117,None
915712525945200640,Abanga69,537,None
387665903,Mr_Swrites,6077,None
320455063,jolu777,149,None
1103818127127834627,Trisha28409485,774,None
795423419219120128,TanksAlotBrad,3822,None
862312281996234752,j_marasa,4836,None
1451017040,flowermusickids,2613,None
3224609550,strawberry_bur,78,None
112282074,WellHelloSailor,56,None
2729061,doctorow,459092,None
719904229343817728,NCPatriotMom,1477,None
2442686571,mcbenaim,1369,None
411861905,AngieCraigMN,20514,None
812420800296927232,mirandamwilgus,89,None
1858759934,CoveredIllinois,4377,None
2285281946,cedg_cedric,177,None
826612549051359232,TheJman5626,1270,None
802416745952768000,Bernieshat,3648,None
1161532300703784960,Rebecca85348076,2531,None
3263043770,GuthrieTrudy,1720,None
4091551984,tribelaw,1142132,None
4427556922,vandevoo1,35,None
74170337,354Phantom,1306,None
4590409461,NoSeniorAllowed,474,None
807095,nytimes,49795794,None
1371612332418289665,yogigrl90,54,None
1367544448955998209,twofourtwo242,54,None
1295139630992351232,LitFam2021,263,None
1093216059987943424,TTR_PDX,406,None
381926772,BWaldoVANCITY,289,None
1198721737254408193,DeishunLeft,755,None
1344787685643333633,hellothere1299,2294,None
45673524,BrettaApplebaum,7779,None
17114215,scottplumerias,2479,None
1290066746251137024,R0TL0RDZ,116,None
944804173,horseshoe_talk,312,None
51779817,OldKanart,1455,None
1313965917152448512,mariahanrj,157,None
1304920193362165760,Angella99127010,109,None
244775645,grbusinaro,313,None
1314268519266160640,KeithCr83301506,8,None
1060578948910927873,DieFreeLiveFree,392,None
1216312160340652034,VictorAndJoshua,253,None
1019575909559472129,Bayor_arts,5018,None
2827048146,sdwig707,15,None
1059226035777167361,sIcpunks,107,None
932752116325552130,DGamered,399,None
132299087,adnill555,2259,None
783489062342631424,sun_usind,733,None
759511635870552064,BodemerGuy,3384,None
1252616555218649089,HereIAm65094900,3802,None
303429035,fortymileFrank,5375,None
482125578,mcarrollnni,10,None
89084870,MarianaChilton,2845,None
1353854230176686081,hddeuce0164,609,None
4866717149,MeruemGI,2792,None
2842156169,SteffanieACL,756,None
973689689449250816,Terri2cat,3639,None
827505879809454080,JChanSmith1,2005,None
1166866780620386304,JanetWe74616697,1632,None
394642242,club_ed8,2124,None
1069039619000492033,ravitheravioIi,108,None
996859430900727808,Melvin60310284,1738,None
438857586,iLikeToranDaily,1045,None
1246485519049142275,frederi11207529,1012,None
536068379,davidmatheson27,2105,None
1171254067193974784,BradfieldThe,2594,None
845552517169795072,JJYS0913,9818,None
34637675,nogajr,676,None
1063023543888347137,MarkTwenties,510,None
1257657917723082752,CrashPatriot,6096,None
555450691,AddictedTaU,659,None
1395839550,trooper2121,19238,None
1100394525674090498,Sebbi016,111,None
287855153,MJBizDaily,72355,None
1608673782,Ace_Boggs,395,None
1359846361,mmdarkzer0,42,None
1311403993902481415,TalullasMom,188,None
914315513815339008,BettyLe60527300,189,None
4888867697,terrinyc29,408,None
399809245,Shyla_Kirstyne,327,None
14297863,scottsantens,132350,None
64444064,SusanDavisNY,5767,None
1410977306,JeffBradach,2893,None
2524402283,dennisasmith02,549,None
235298923,psedghi,1557,None
1264475722703417345,fosky_emmanuel,111,None
724338801699516416,derpyunicorn20,814,None
809804175232090112,PhD1phd1,68,None
4866625996,terriblewis1,1220,None
847700148608155650,TheDogsOfWar11,1658,None
1241922263341060097,CoachAmason,93,None
1023215203855605762,SteveRo48195125,2316,None
739392372,NeumarkDN,4989,None
2712441570,bushpresser,355,None
1336553192696422400,zalakbian,128,None
440179474,pap_greg,1325,None
797265170519195649,Deborah89029768,10634,None
1243147275356049411,CF_Poet,623,None
572141511,SuburbanDrone,1664,None
1049032710520545281,FORMICATING,183,None
1012507305902915584,TDeporable,94,None
1042849268439105536,LindaHeartofTX,1228,None
384702237,ddavisonnc,621,None
1220104196692856832,onesee8,718,None
1293862990140207108,Sex038013,269353,None
857966433480851456,thepovgod,116945,None
1247537109482614786,LingOu9,148,None
554223333,bankruptcy7now,697,None
3331885857,SeatMary,182,None
47152545,NSlayton,2817,None
1200012197528657920,Athecheat1,569,None
3795022036,rooafzapapi96,1059,None
1210213363,CL2Empower,10133,None
4643646492,LMarieVResists,7154,None
1131655183400882176,koriewhitley,297,None
1349346310126661635,Elenaforever13,8030,None
825921451211554817,silvermanmarkj,5514,None
1630935031,JundJon,10512,None
2774590220,CorgiYordle,207,None
1310276054947422213,en_lec,5,None
1255948898859958275,vururmehmet18,3452,None
898386234065793024,emojchic,331,None
782975420425732096,96GyeVam_xxxxxx,9,None
535833722,emccoy_writer,1114,None
824439164557029380,justdannymalouf,1178,None
1180725601134616576,JUSTTHETIPAGAIN,3263,None
1202538759478079488,katelynpolerina,3093,None
208211110,sneuffer,312,None
3937263083,FrackHazReveal,3899,None
1329126313551163392,TinResistAgain,1104,None
797595483111755776,Susie39212967,2016,None
1247338945043501057,JoeSmit18937574,384,None
1069763330552840198,envysnest,783,None
901978267477004288,kalegoblin,220,None
2441016676,fidosopinion,62,None
4923733461,matthewhart1988,40,None
877304519289446400,hotbeetlejuice,94,None
2286545310,whitaems,11,None
742204554,CircaThe90s,115,None
1357882987128446977,granola_hola,31,None
2501079932,JoeyBribes,469,None
3230838328,sicompany1,1237,None
1336581724206227457,anonyomuxs,273,None
1125076584749326336,z0mbje,756,None
1193547137310740480,thegodlessleft,30,None
1364967713853108229,kysha952,3,None
181936367,breannamorello,51381,None
61914451,docsknifeworks,2463,None
1295733473643311109,Fs6142nl,150,None
949065347369439232,amelianannette,143,None
1137737070,MikkiGibbons,3765,None
4858437255,16rock_rock,413,None
3207214348,Rninmd2020,572,None
2331200058,AngelArivera11b,932,None
1665554894,ScottMuri,5450,None
941001144528244737,williamstarriam,32,None
906973933647417344,chef_FPS,50,None
571996941,jase_c_king,935,None
883834046622707712,BarrettaPhilip,1101,None
28428882,roxalot58,402,None
120969408,markburgerenerg,2956,None
23906829,Merciless365,30697,None
1315292744,NathaniNoShame,5428,None
2777015067,Kn0ckIt0ff,3373,None
2960846439,traceydeemc,903,None
3191551753,HipHop_LaFlare,7609,None
76747804,chromesthesia,2782,None
1297577877962199043,itsbong2020,1432,None
598144626,renasanse,35,None
999057300425003009,CherCropping,152,None
50852258,phreedomjawn,5175,None
986638833134571520,hein_duckdich,207,None
1200567379517825024,American3141592,10691,None
718930349,Biedaboo,3744,None
633321932,bernied56,66,None
196028143,W_K_Green,27,None
1306016441087528960,NickInvincible,595,None
847091666511167488,SunGodHeru313,50,None
1221556511794769933,DaveEDanna,1100,None
1057022058675224582,RVACommunists,333,None
1007331390722060289,Roguerebel4,490,None
2864191036,marvin6977,2111,None
1259582410422878209,hotepjd,104,None
78209112,KWashingtonBX,544,None
1359994684660088837,laura_7771,8233,None
1375278128377958401,Christo91156112,17,None
1102651425476304897,David81669744,1031,None
1018473032388497408,justlyright,150,None
1248428397119901696,Knuckle76134781,384,None
42546915,Scott0664,1636,None
970782870771064833,brenner_colleen,6298,None
34813109,kimmiintx,7629,None
1377627907485528067,emma_dimeo,77,None
1329213276354457601,Jeannie7676,5502,None
967806961164185601,Johnheretohelp,96017,None
4890674928,1sttimetwitt,170,None
822085639990636544,brewserkicks,90,None
939619745225166850,vapingwaifus1,2079,None
372574191,TomBurchett,18063,None
1066624129762238464,Ph1r5tLast,215,None
719293523951005696,AandJnana,1667,None
1206257468210319360,SILLYSKULLS,421,None
2833695848,ladette_maggie,813,None
1374201895082995713,HerbNLegendz,11,None
411184012,BrockKrause,403,None
2788571677,joker951159,511,None
1375802828061614081,Crypto__lion,19,None
2815255336,KnucklesDad,855,None
48878694,sassysdreams,1162,None
4039667352,endeavor_ent,708,None
954777865475776512,martlarr2,3261,None
927829740,lang2007,403,None
1092363466206138368,ComSense_Energy,2586,None
242827267,PierrePoilievre,133296,None
1364986951938564097,SteveNi96234828,88,None
1357449727760023557,DOGECOINTOTHE,67,None
3892051882,Cubs_We_Own_It,328,None
1115740408284241921,mvattk,5,None
9273802,profgalloway,389245,None
327236131,tomag49,3257,None
991172756157878272,LABeachgazer,947,None
17469289,nypost,2137709,None
1345177790623039488,Patrici12223025,50,None
890736969428459520,eric_redhawk,47,None
1074178942301585409,ZakMispelled,24,None
1107466603,ldy_chris,5202,None
1237596294614482944,PedroPRbellaco,167,None
1364355907702968323,YouLoveRaven,4184,None
727759482697158656,_mayian,489,None
1207033961119207425,frankothafifth,2686,None
1348678475150995466,LynnRee36101021,25,None
3893257229,RaJeltz,601,None
768645597553319936,lyssayon,535,None
1353661029335650305,Hildajonson1,72,None
1347377138278789125,MORR1SWORM,159,None
715165976,GetUrMindStrong,705,None
2562550908,NCShangriLa,2524,None
1369642038434566145,IndianNiggaAB,21,None
1471218535,ILovesMyUSA,10095,None
1362378055805771778,Francis70826236,48,None
1867596428,TommasinaResist,14312,None
1182729945056862208,VenusianAndroid,1823,None
1282540617545986048,RonaldHazley,55,None
824361248095662081,JC2K17,171,None
1175208104583151616,IVictoreri,342,None
1351647692519329795,MaDiaz64259213,9,None
1044617382336098305,1971SuzieQ,239,None
1309180361860173831,Inquiring_Qs,234,None
1280014513622986752,D0gFacedPony,3231,None
1230976011883278341,shipperofdark,421,None
1183529141867614210,jeffrey_wick,3385,None
42311233,njedreport,4810,None
2481105272,edu_post,61846,None
928287487172022273,cryptoMIB,1709,None
24468333,laurawaters,83,None
577795812,MarijuanaName,5544,None
1251211170566070272,NaderMTSS,74,None
4076875213,Chey4Yang,1655,None
1234600029706477569,BlairWalsingham,5676,None
1317906316191584258,AustinLogan__,58,None
1073010412856197125,Cameron_W64,2206,None
1232715849666002946,elinadine1,127,None
834788212900057088,DylanSudek1,40,None
3540699975,amlivemon,19566,None
25089600,cocoazafreen,2920,None
1731805261,thrasherxy,36446,None
241430782,letsliveinpeace,1857,None
974776797043703808,CappaReena,283,None
1283023926772346882,Tony_Perez2024,137,None
73150459,Stanch247,5789,None
1374171298432172032,ColtPython18,3485,None
1081311465557000192,DoodlesTrks,5486,None
752669374092152836,TriHardGGX,19,None
524344367,qed57,104,None
716638867026108416,kathk55,1327,None
994018238668394496,Iovesexndrugs,39197,None
1378836368223301633,ScammerDommeV,116,None
813467298,jneumonicll,1247,None
918294088155324416,Toast2youCheers,92,None
1115936490524172288,shachacLSU,399,None
1318594631446134784,gurl_hershey,135,None
20427743,thijsniks,4457,None
702235316812275712,EconBerger,1869,None
1267212957504745472,doaboy36,10,None
751248671342227456,CherylBomb_inc,84,None
950818682460037120,GohenM,2312,None
1184289498382905344,RealSaltySlim,8945,None
403802336,HybridMomentum,1054,None
283030465,MrEagleEye2U,60,None
1037744810466140160,elmannytxs,324,None
268313540,DingoTech,4758,None
3547122923,TisDoney,888,None
15377468,ShaelRiley,3273,None
764646395827539968,Xpompier77,2031,None
372578208,myerssinky,405,None
1174090579589812225,AustinTSearle,20877,None
124498597,wolfpackboss,2645,None
266252872,NotAcquiescing,3581,None
601948792,lookdavidlook,63,None
1272353014876004352,seahawk03744012,12,None
1265871076472619009,Hope56475166,13,None
1354211395697434626,MarioTabone7,38,None
1104956239,Agrant3595Grant,5962,None
1428618517,Ducey55,3008,None
1374920730136166403,Michael_Ellis87,43,None
2610809930,RobbieTheFire,8106,None
709522772993687552,AimeeDemaio,2535,None
229338913,BowhuntressInMI,3694,None
886696144683794432,nicole_bertrand,17614,None
977697960111804416,TomYoun95483151,1035,None
2907523067,De80fenderJapan,154,None
365714435,j0vFeet1,2285,None
1325210550985482240,Guymxc,33,None
1278436371510824963,Ptest24619232,74,None
489990638,peacsea,412,None
73988914,FreeSpeech_2018,23031,None
1045786984843599872,Mandy55551,242,None
1108541567373983744,soodoku,200,None
371810750,GregDaco,11006,None
1213996386712113152,rejective,82,None
1272273233266393089,ArtieJonesII,1078,None
280714445,Fangddoc,799,None
1378205514778169346,JonS37564898,18,None
997197577,AMemedna,2332,None
713478051720343552,RussJensen5,2824,None
226339515,Lt_Longhorn,131,None
529663026,keranews,11136,None
89779837,brandanCiccone,1356,None
233401909,TheTayMarie,3223,None
1130046320184446976,LopezLovinLife,32243,None
830516139281100800,realdebfarmer,10572,None
2862423702,gilmarveizim,21,None
1246546275866161152,woochiewobbler,138841,None
1326711242149539842,trashiestgal,53,None
811356452,brotherlogan,743,None
19668338,gregjarboe,12560,None
17006157,paulkrugman,4647905,None
254847751,hopefulgranny,79,None
1253392232817627137,luigipierri5,421,None
1099261215392522240,hatcatfat,330,None
86991454,DJSmittyP,517,None
441377474,districtai,2443,None
840473215,goldengirlpwr,536,None
48766152,Holly500,3116,None
957256679082487808,ron55967579,93,None
967623327891193856,sailinggirl73,427,None
1148362281954058241,BillDole7,230,None
2533193567,SiebeforORD1,9411,None
769796851642007552,IrishLady0071,1360,None
146292267,planthollywood,475,None
313565854,REMILOVESPORTS,1081,None
1040866522267348992,DreadTha,69,None
1114544952044871682,chicksgotdicks,23945,None
717849206191366144,falcons_celtics,464,None
282783298,RaidersHLP,2376,None
1330915234974982148,Armyproud71,3163,None
3549229515,cali_dreamer12,227,None
1271103575800733696,USAtheGreat89,170,None
52245173,fuelgrannie,4491,None
1144820621588803585,UsaParents,929,None
710844287341170688,chriscartw83,3068,None
769702230,YDanasmithdutra,11677,None
177423199,arapaho415,4962,None
1294764801722322946,AVENUSIANRISING,1889,None
59517726,mark_woodard,1041,None
877183397923356674,F14rio1,3635,None
824075101729652736,Deplorable_Rick,9878,None
14874078,thedude77,7369,None
609143325,MatiGreenspan,36959,None
1355280066561753088,droideka99,71,None
18221556,tdouble_u,2951,None
390395440,IAMCAM35,1306,None
26429744,notquitewhite,661,None
16007465,simarilian,1035,None
38741546,RaymondLamar1,551,None
1016359525,moodybluetears,1736,None
74508260,BillPascrell,111133,None
3038231260,a_zicc,24536,None
2344208659,patronstpeter,1770,None
1258874934144774149,teddie75339324,1024,None
105602024,tennesseewebb,2912,None
1364997457,ZeePDX,2051,None
2853007305,J_Real3,2972,None
1286864337580171264,Cissy66959926,243,None
157050864,wqbelle,627,None
1320551424778924032,gildedvictorian,35,None
22441656,SirLiberal,1063,None
3107994049,theholsendolph,638,None
878382350715031552,JL9Sed,5487,None
4844073743,lisashaheen1,941,None
293745266,DUTCH_MJG,267,None
403613369,DaveDillon7,294,None
4559261595,halloffamecity6,1273,None
1342548195835056129,DuSable5,119,None
1224106320879423488,HayhurstJean,3506,None
161046346,Kazuyalegrey,1069,None
712668056133189633,colliercramer,1222,None
1135661624109469697,SndVegan,67,None
832636522935390209,Chuckmytaxes,2322,None
1337796476676825089,totime02777727,77,None
2391614580,givemepie360,1629,None
1073084520163958784,PenchionChad,235,None
4875264318,Fenrir2502,684,None
1054104191143215104,T00183157,200,None
1012145830130864129,trumpguy45,790,None
848712903532449792,lupepotato,346,None
596302565,debjanise,554,None
485469196,jannsloan,21485,None
1074704422943580161,lavigne_ginger,49,None
1251275384638672897,realtruthshurt,949,None
3315368976,MrTBJH,542,None
911637651412930560,JeanCline001,97,None
60440714,MsDre20,807,None
110721491,wpgroy,414,None
17133739,Jaybefaunt,18297,None
2477369089,drainedartist,225,None
4171534396,DMHaselden3,1423,None
2719263130,bobletus,1264,None
2990385924,Dharmish56_II,11725,None
4120443976,scots_irishrose,1577,None
1192800284038385666,TempleofGODD,649,None
788473084068163584,farrahreign,3182,None
1278044439190147073,pianist696,1771,None
1325190615328456708,seniorchief45,46,None
1324114530553659392,dante_alligheri,33,None
35050228,Taishaw2003,45,None
1022457006,ssh4p,241,None
109237362,rreeves5,9083,None
364703609,pcakes3636,835,None
1154540092133969922,ImJayQuan,118,None
993728773483827201,spoiled_the,4323,None
17721423,bigmikeyvegas,457,None
2261210518,vizurantvis,1842,None
1302341095477702659,superiorusmax,10,None
824132939390812160,Buckleup36,3079,None
294891378,TrifeMack132,970,None
993986743,Happy_Hunter58,1198,None
1354772078222843904,alessandropal3,20,None
1262871705908916224,Twana07110801,114,None
416614443,StefanLabusga,389,None
3955461914,MudKevin,1439,None
36031711,twocenthardaway,440,None
4015276458,anika_ansari1,155,None
4860754826,HiblerDana,1197,None
2694320503,haechanfansohio,86,None
936592805660712960,TomKay05869718,2092,None
1200183888498319360,KareninMexico22,0,None
2333911817,mailgal4ever,3879,None
1165438595227955201,levy_sir,8586,None
467797384,Dany_Janae,1682,None
235751683,SWEETBOYSNANA,74,None
1197277883473039360,AlphaPromoRT,16370,None
894419726520033281,VikingMuscleXXX,99307,None
1328856548035207168,AngelDiana1980,3880,None
4785281413,Patsims16,29541,None
2377355989,Davidakky71,1271,None
914476670635139072,ProPeace97,1655,None
1038984772029038592,Josh38750076,143,None
897929271179583488,McconnellFawn,155,None
1341235255202725888,PurplePhilosop3,575,None
822467558058168321,Jothy37101002,90,None
257769553,anand_srini,25541,None
15839277,88_Chords,3110,None
469855393,Black_Action,4647,None
56181193,Kay_En_Bee,155,None
728255524303740928,sassy1ntn,1255,None
3053667619,AnneRadley,97,None
998330887,Dorii_Casey,530,None
943271884140945409,AshtarIsBorn,669,None
1268348969551384578,AQuwinn,210,None
1905764941,cookiebitz5,504,None
1152908078863532032,Fred26648257,1652,None
1006005146722144256,BotGhost_,490,None
2542779091,nate1fnn,10,None
1236444535657508864,Tree4justice,3118,None
827341534689390593,SWAT_Inc_GA,765,None
1036715035773431808,ADOS_24_7,448,None
431939563,wowimjen,1152,None
1343505002,SwiftAct,1886,None
28699628,ross_rlz,4343,None
483505469,fabtrucci,169,None
863224923740807170,1AceRodforTrump,2229,None
5820162,benusa567,1960,None
69641315,DreamWeaver61,13852,None
606956092,ReadDaRoom_,484,None
278302338,Goosey871,6218,None
1356458118532657152,Executivejeff1,10,None
1220009658842107904,12_rankin,92,None
1646145848,DrWAVeSportCd1,3953,None
1152537608,FredSanford13,1706,None
1121812342604484609,_Some_Guy_697_,130,None
1117541670508273664,SmokieMtnsWendy,11267,None
1337471311740690434,reallyBEENher,64,None
1335206369612472320,juicyjayyxo,2947,None
1357409924175773698,biggdickcheney,64,None
4687318154,DreamLaymen,156,None
1287115573931974660,burtonhoward4,180,None
845407183160459266,moonlitwomyn1,6887,None
271174218,Sean_led,352,None
42966299,klulue,247,None
2284064586,IndySpanglish,22851,None
3313006027,Likeshesays,6385,None
3419396627,jte1025,225,None
859410655878807553,Concernedwhite1,498,None
112899475,DonnaHowardTX,19719,None
345401628,parkerrrrr___,1328,None
621233186,sarahthomsen5,152,None
34151308,thepearlbrady,34,None
817903729,TweetBenMax,22401,None
769025329163857921,MaryhamptonLou,1714,None
596591929,StephCurry21MVP,516,None
1321147710381137922,AFOcyte,67,None
825726136638255105,carrieccatt99,337,None
4656073001,corban_the_cob,438,None
1253428478138920961,BaadgirlInc,11,None
1355222419762515968,ChinganLosRicos,5,None
562298078,BridgeFunding1,11,None
1494722718,ElSerenoExile,86,None
972902973050298369,kaleidoscopnova,207,None
2342705228,CarBEN_Neil,198,None
168290603,ToluseO,40276,None
1359308759957450757,Mika25578558,123,None
133496245,CabbageTV,3208,None
1269484652944752641,MrPlatinum318,482,None
1227996428380889089,thepeachcrease,50,None
973947324664819712,Grandmasoup22,74,None
96823846,iopner,559,None
29303633,islandgal7,1092,None
1358580827211223041,Buckyfan3,23,None
2864856363,bth_beth,3972,None
931277456782307328,PamelaJean2016,546,None
3006690178,ggprez,1314,None
159621220,1blacksupremist,376,None
1374089846688518153,YourRangerDaddy,571,None
